{"-0.42500000000000004":0.0,"-0.4":0.6666666666666666,"-0.8":0.0,"-0.07500000000000001":1.0,"-0.5":0.0,"-0.1":0.6666666666666666,"-0.41875000000000007":0.0,"-0.2":0.6666666666666666,"-0.0":1.0,"-0.05":1.0,"-0.45":0.0,"-0.6000000000000001":0.0,"-0.08125000000000002":0.8333333333333334,"-0.08750000000000001":0.8333333333333334,"-0.41250000000000003":0.6666666666666666}